-- MySQL dump 10.13  Distrib 8.0.43, for Linux (x86_64)
--
-- Host: localhost    Database: ecommerce_db
-- ------------------------------------------------------
-- Server version	8.0.43-0ubuntu0.22.04.2

/*!40101 SET @OLD_CHARACTER_SET_CLIENT=@@CHARACTER_SET_CLIENT */;
/*!40101 SET @OLD_CHARACTER_SET_RESULTS=@@CHARACTER_SET_RESULTS */;
/*!40101 SET @OLD_COLLATION_CONNECTION=@@COLLATION_CONNECTION */;
/*!50503 SET NAMES utf8mb4 */;
/*!40103 SET @OLD_TIME_ZONE=@@TIME_ZONE */;
/*!40103 SET TIME_ZONE='+00:00' */;
/*!40014 SET @OLD_UNIQUE_CHECKS=@@UNIQUE_CHECKS, UNIQUE_CHECKS=0 */;
/*!40014 SET @OLD_FOREIGN_KEY_CHECKS=@@FOREIGN_KEY_CHECKS, FOREIGN_KEY_CHECKS=0 */;
/*!40101 SET @OLD_SQL_MODE=@@SQL_MODE, SQL_MODE='NO_AUTO_VALUE_ON_ZERO' */;
/*!40111 SET @OLD_SQL_NOTES=@@SQL_NOTES, SQL_NOTES=0 */;

--
-- Table structure for table `categories`
--

DROP TABLE IF EXISTS `categories`;
/*!40101 SET @saved_cs_client     = @@character_set_client */;
/*!50503 SET character_set_client = utf8mb4 */;
CREATE TABLE `categories` (
  `cat_id` bigint NOT NULL AUTO_INCREMENT,
  `name` varchar(255) NOT NULL,
  `description` varchar(255) DEFAULT NULL,
  `upload_date` timestamp NULL DEFAULT CURRENT_TIMESTAMP,
  PRIMARY KEY (`cat_id`)
) ENGINE=InnoDB AUTO_INCREMENT=16 DEFAULT CHARSET=utf8mb4 COLLATE=utf8mb4_0900_ai_ci;
/*!40101 SET character_set_client = @saved_cs_client */;

--
-- Dumping data for table `categories`
--

LOCK TABLES `categories` WRITE;
/*!40000 ALTER TABLE `categories` DISABLE KEYS */;
INSERT INTO `categories` VALUES (1,'Electronics','Devices and gadgets for modern living','2025-11-03 18:30:00'),(2,'Fashion','Latest clothing and accessories','2025-11-03 18:30:00'),(3,'Home Appliances','Essential appliances for home','2025-11-03 18:30:00'),(4,'Beauty','Personal care and grooming products','2025-11-03 18:30:00'),(5,'Sports','Sportswear and equipment','2025-11-03 18:30:00'),(6,'Books','Books and literature for all ages','2025-11-03 18:30:00'),(7,'Toys','Fun and educational toys','2025-11-03 18:30:00'),(8,'Furniture','Home and office furniture','2025-11-03 18:30:00'),(9,'Groceries','Everyday grocery essentials','2025-11-03 18:30:00'),(10,'Automotive','Car and bike accessories','2025-11-03 18:30:00'),(11,'Health','Health and wellness products','2025-11-03 18:30:00'),(12,'Jewellery','Ornaments and accessories','2025-11-03 18:30:00'),(13,'Stationery','Office and school supplies','2025-11-03 18:30:00'),(14,'Footwear','Shoes and sandals for all','2025-11-03 18:30:00'),(15,'Garden','Gardening tools and supplies','2025-11-03 18:30:00');
/*!40000 ALTER TABLE `categories` ENABLE KEYS */;
UNLOCK TABLES;

--
-- Table structure for table `category`
--

DROP TABLE IF EXISTS `category`;
/*!40101 SET @saved_cs_client     = @@character_set_client */;
/*!50503 SET character_set_client = utf8mb4 */;
CREATE TABLE `category` (
  `cat_id` bigint NOT NULL AUTO_INCREMENT,
  `name` varchar(255) NOT NULL,
  `description` varchar(255) DEFAULT NULL,
  `upload_date` timestamp NULL DEFAULT CURRENT_TIMESTAMP,
  PRIMARY KEY (`cat_id`)
) ENGINE=InnoDB AUTO_INCREMENT=16 DEFAULT CHARSET=utf8mb4 COLLATE=utf8mb4_0900_ai_ci;
/*!40101 SET character_set_client = @saved_cs_client */;

--
-- Dumping data for table `category`
--

LOCK TABLES `category` WRITE;
/*!40000 ALTER TABLE `category` DISABLE KEYS */;
INSERT INTO `category` VALUES (1,'Electronics','Devices and gadgets including phones, laptops, and accessories.','2025-10-30 18:30:00'),(2,'Fashion','Clothing, footwear, and accessories for men and women.','2025-10-30 18:30:00'),(3,'Home Appliances','Appliances and tools for home and kitchen use.','2025-10-30 18:30:00'),(4,'Sports','Sports equipment, fitness gear, and accessories.','2025-10-30 18:30:00'),(5,'Books','Educational and fiction books across genres.','2025-10-30 18:30:00'),(6,'Beauty','Beauty, skincare, and grooming products.','2025-10-30 18:30:00'),(7,'Toys','Toys and games for kids of all ages.','2025-10-30 18:30:00'),(8,'Furniture','Home and office furniture for comfort and style.','2025-10-30 18:30:00'),(9,'Groceries','Daily essentials, snacks, and packaged food.','2025-10-30 18:30:00'),(10,'Automotive','Car and bike accessories and tools.','2025-10-30 18:30:00'),(11,'Jewelry','Gold, silver, and fashion jewelry items.','2025-10-30 18:30:00'),(12,'Health','Healthcare, supplements, and fitness products.','2025-10-30 18:30:00'),(13,'Stationery','Office and school supplies.','2025-10-30 18:30:00'),(14,'Pet Supplies','Products for pet care and grooming.','2025-10-30 18:30:00'),(15,'Music & Audio','Musical instruments and audio equipment.','2025-10-30 18:30:00');
/*!40000 ALTER TABLE `category` ENABLE KEYS */;
UNLOCK TABLES;

--
-- Table structure for table `product`
--

DROP TABLE IF EXISTS `product`;
/*!40101 SET @saved_cs_client     = @@character_set_client */;
/*!50503 SET character_set_client = utf8mb4 */;
CREATE TABLE `product` (
  `id` bigint NOT NULL AUTO_INCREMENT,
  `name` varchar(255) NOT NULL,
  `mrp` decimal(38,2) DEFAULT NULL,
  `discounted_price` decimal(38,2) DEFAULT NULL,
  `qty` int DEFAULT NULL,
  `cat_id` bigint DEFAULT NULL,
  PRIMARY KEY (`id`),
  KEY `FK5yhiu7ri51c4oigkb28skv0b2` (`cat_id`),
  CONSTRAINT `FK5yhiu7ri51c4oigkb28skv0b2` FOREIGN KEY (`cat_id`) REFERENCES `category` (`cat_id`)
) ENGINE=InnoDB AUTO_INCREMENT=301 DEFAULT CHARSET=utf8mb4 COLLATE=utf8mb4_0900_ai_ci;
/*!40101 SET character_set_client = @saved_cs_client */;

--
-- Dumping data for table `product`
--

LOCK TABLES `product` WRITE;
/*!40000 ALTER TABLE `product` DISABLE KEYS */;
INSERT INTO `product` VALUES (1,'Necklace - Jewelry',43778.00,37649.08,52,11),(2,'Pencil - Stationery',1443.00,1226.55,114,13),(3,'Spices - Groceries',49220.00,37407.20,109,9),(4,'Vacuum Cleaner - Home Appliances',507.00,385.32,123,3),(5,'Cooking Oil - Groceries',25788.00,24498.60,64,9),(6,'First Aid Kit - Health',6078.00,5652.54,154,12),(7,'Building Blocks - Toys',16745.00,14568.15,58,7),(8,'Microwave - Home Appliances',13582.00,10050.68,42,3),(9,'Bracelet - Jewelry',16736.00,14058.24,172,11),(10,'Perfume - Beauty',22321.00,21204.95,62,6),(11,'Air Freshener - Automotive',16667.00,11833.57,86,10),(12,'Seat Cushion - Automotive',5715.00,5086.35,177,10),(13,'Puzzle - Toys',7184.00,6609.28,171,7),(14,'Smartphone - Electronics',30611.00,22039.92,139,1),(15,'Air Freshener - Automotive',40398.00,32318.40,132,10),(16,'Ring - Jewelry',33614.00,25546.64,141,11),(17,'Hair Oil - Beauty',22987.00,20918.17,174,6),(18,'Washing Machine - Home Appliances',5721.00,5320.53,78,3),(19,'Smartphone - Electronics',17605.00,16020.55,178,1),(20,'Air Conditioner - Home Appliances',38796.00,35692.32,133,3),(21,'Sugar - Groceries',37851.00,29145.27,68,9),(22,'Tyre Polish - Automotive',27809.00,21134.84,77,10),(23,'Amplifier - Music & Audio',32526.00,23743.98,62,15),(24,'Pen - Stationery',46369.00,40804.72,88,13),(25,'Pasta - Groceries',34093.00,25569.75,135,9),(26,'Puzzle - Toys',28148.00,23925.80,65,7),(27,'Bluetooth Speaker - Music & Audio',33161.00,24539.14,28,15),(28,'Notebook - Stationery',13897.00,11256.57,82,13),(29,'Science Fiction - Books',49725.00,42266.25,37,5),(30,'Earrings - Jewelry',6372.00,5033.88,97,11),(31,'Comics - Books',6907.00,6561.65,86,5),(32,'Car Vacuum - Automotive',18323.00,15208.09,19,10),(33,'Vitamins - Health',46848.00,34667.52,129,12),(34,'Sugar - Groceries',31129.00,27704.81,74,9),(35,'Bracelet - Jewelry',4096.00,3153.92,21,11),(36,'Cricket Bat - Sports',3302.00,2509.52,76,4),(37,'Headset - Music & Audio',19980.00,14585.40,174,15),(38,'Tennis Racket - Sports',46627.00,44295.65,58,4),(39,'Cooking Oil - Groceries',48318.00,45418.92,47,9),(40,'T-Shirt - Fashion',13503.00,11882.64,105,2),(41,'Air Freshener - Automotive',32631.00,27083.73,104,10),(42,'Cricket Bat - Sports',3562.00,3063.32,91,4),(43,'Sugar - Groceries',3747.00,3522.18,104,9),(44,'Thermometer - Health',16750.00,14237.50,164,12),(45,'Washing Machine - Home Appliances',4398.00,3826.26,95,3),(46,'Pencil - Stationery',5473.00,4652.05,70,13),(47,'Stapler - Stationery',24410.00,22701.30,171,13),(48,'Spices - Groceries',31408.00,22927.84,25,9),(49,'Cookbook - Books',19049.00,13524.79,120,5),(50,'Bluetooth Speaker - Music & Audio',33330.00,28330.50,69,15),(51,'Jacket - Fashion',17558.00,16153.36,72,2),(52,'Bracelet - Jewelry',24872.00,20892.48,151,11),(53,'Jeans - Fashion',6244.00,4807.88,45,2),(54,'Face Cream - Beauty',13967.00,13128.98,72,6),(55,'Shampoo - Beauty',40648.00,29673.04,191,6),(56,'Earrings - Jewelry',47655.00,42412.95,71,11),(57,'Protein Powder - Health',48408.00,35821.92,75,12),(58,'Microphone - Music & Audio',45476.00,40473.64,108,15),(59,'Cricket Bat - Sports',29168.00,21292.64,139,4),(60,'Tennis Racket - Sports',35883.00,25476.93,23,4),(61,'Cooking Oil - Groceries',21449.00,15443.28,20,9),(62,'Stapler - Stationery',33330.00,28663.80,161,13),(63,'Vacuum Cleaner - Home Appliances',11935.00,8951.25,154,3),(64,'Sports Shoes - Sports',33453.00,24086.16,114,4),(65,'Sneakers - Fashion',2212.00,1659.00,172,2),(66,'Building Blocks - Toys',14650.00,10255.00,124,7),(67,'Face Cream - Beauty',25801.00,18834.73,136,6),(68,'Smartwatch - Electronics',2958.00,2750.94,41,1),(69,'T-Shirt - Fashion',19192.00,15161.68,75,2),(70,'Sneakers - Fashion',26260.00,23371.40,195,2),(71,'Yoga Mat - Sports',21331.00,18344.66,187,4),(72,'Bluetooth Speaker - Music & Audio',30350.00,23673.00,43,15),(73,'Notebook - Stationery',2192.00,1644.00,105,13),(74,'Tyre Polish - Automotive',44970.00,31928.70,181,10),(75,'Cooking Oil - Groceries',45749.00,34311.75,110,9),(76,'Football - Sports',10003.00,7002.10,193,4),(77,'Refrigerator - Home Appliances',48922.00,35223.84,96,3),(78,'Bed - Furniture',41051.00,31609.27,143,8),(79,'Cricket Bat - Sports',7023.00,5477.94,74,4),(80,'Washing Machine - Home Appliances',32165.00,29913.45,46,3),(81,'Vitamins - Health',20273.00,18245.70,145,12),(82,'Sports Shoes - Sports',33272.00,24954.00,186,4),(83,'Pet Toy - Pet Supplies',36760.00,34922.00,69,14),(84,'Tablet - Electronics',25270.00,18447.10,198,1),(85,'Ring - Jewelry',30083.00,27977.19,106,11),(86,'Thermometer - Health',3803.00,3308.61,106,12),(87,'Pen - Stationery',4506.00,4010.34,159,13),(88,'Rice - Groceries',40427.00,32745.87,51,9),(89,'Pet Toy - Pet Supplies',8480.00,7632.00,48,14),(90,'BP Monitor - Health',27043.00,24879.56,172,12),(91,'Rice - Groceries',38883.00,35772.36,50,9),(92,'Car Vacuum - Automotive',29863.00,25383.55,167,10),(93,'Laptop - Electronics',30994.00,25105.14,58,1),(94,'Marker - Stationery',22807.00,20070.16,146,13),(95,'Washing Machine - Home Appliances',31119.00,22405.68,97,3),(96,'Cookbook - Books',21667.00,18200.28,85,5),(97,'Dog Food - Pet Supplies',689.00,509.86,71,14),(98,'Protein Powder - Health',19149.00,15702.18,91,12),(99,'Face Cream - Beauty',32327.00,29417.57,142,6),(100,'Remote Car - Toys',48690.00,40412.70,93,7),(101,'Comics - Books',42068.00,38702.56,82,5),(102,'Thermometer - Health',11776.00,9656.32,169,12),(103,'Bluetooth Speaker - Music & Audio',49573.00,40154.13,147,15),(104,'Bed - Furniture',15767.00,11825.25,60,8),(105,'T-Shirt - Fashion',25383.00,23606.19,188,2),(106,'Face Cream - Beauty',7545.00,6639.60,102,6),(107,'Laptop - Electronics',43184.00,32819.84,101,1),(108,'Action Figure - Toys',49025.00,36278.50,79,7),(109,'Smartwatch - Electronics',4063.00,2844.10,102,1),(110,'Biography - Books',6787.00,5361.73,39,5),(111,'Puzzle - Toys',3620.00,2715.00,16,7),(112,'Perfume - Beauty',4246.00,3184.50,165,6),(113,'Car Cover - Automotive',5964.00,4234.44,47,10),(114,'Air Conditioner - Home Appliances',16779.00,15436.68,137,3),(115,'Sneakers - Fashion',11854.00,10431.52,15,2),(116,'Necklace - Jewelry',40586.00,36121.54,175,11),(117,'Pen - Stationery',14778.00,10344.60,126,13),(118,'Earrings - Jewelry',13604.00,12651.72,50,11),(119,'Wardrobe - Furniture',44988.00,35090.64,185,8),(120,'Table - Furniture',19544.00,16416.96,44,8),(121,'Seat Cushion - Automotive',24376.00,22669.68,108,10),(122,'Microwave - Home Appliances',33935.00,30202.15,189,3),(123,'Wardrobe - Furniture',43347.00,30342.90,132,8),(124,'Microphone - Music & Audio',33261.00,23947.92,96,15),(125,'Air Conditioner - Home Appliances',21677.00,19292.53,18,3),(126,'Jacket - Fashion',43941.00,40865.13,15,2),(127,'Rice - Groceries',6096.00,4328.16,199,9),(128,'Washing Machine - Home Appliances',42136.00,38343.76,199,3),(129,'Leash - Pet Supplies',10144.00,8723.84,89,14),(130,'Air Freshener - Automotive',30672.00,23924.16,152,10),(131,'Hair Oil - Beauty',30531.00,27477.90,103,6),(132,'Football - Sports',5161.00,3870.75,21,4),(133,'Table - Furniture',49888.00,36917.12,161,8),(134,'Necklace - Jewelry',33215.00,30557.80,78,11),(135,'Anklet - Jewelry',42996.00,32247.00,12,11),(136,'Anklet - Jewelry',4651.00,3674.29,59,11),(137,'Sugar - Groceries',11685.00,9932.25,77,9),(138,'BP Monitor - Health',41171.00,34583.64,161,12),(139,'Remote Car - Toys',2421.00,1718.91,195,7),(140,'Cat Litter - Pet Supplies',43539.00,41362.05,89,14),(141,'Face Cream - Beauty',38018.00,33455.84,78,6),(142,'Dog Food - Pet Supplies',34800.00,27840.00,62,14),(143,'Cooking Oil - Groceries',12666.00,11146.08,18,9),(144,'Cap - Fashion',23000.00,20010.00,104,2),(145,'Pet Toy - Pet Supplies',5119.00,4607.10,198,14),(146,'Perfume - Beauty',12392.00,11276.72,135,6),(147,'Car Cover - Automotive',14286.00,11143.08,129,10),(148,'Sofa - Furniture',29189.00,22767.42,147,8),(149,'BP Monitor - Health',27340.00,20505.00,197,12),(150,'Tyre Polish - Automotive',19544.00,17003.28,99,10),(151,'Microwave - Home Appliances',25614.00,18698.22,153,3),(152,'Microwave - Home Appliances',42859.00,34287.20,145,3),(153,'T-Shirt - Fashion',26829.00,25487.55,107,2),(154,'Seat Cushion - Automotive',33364.00,26691.20,101,10),(155,'Jeans - Fashion',41921.00,29344.70,30,2),(156,'Lipstick - Beauty',33598.00,28222.32,25,6),(157,'Marker - Stationery',44015.00,41814.25,115,13),(158,'Sugar - Groceries',30140.00,26523.20,64,9),(159,'Cap - Fashion',44997.00,32847.81,109,2),(160,'Pet Shampoo - Pet Supplies',34277.00,30163.76,69,14),(161,'Comics - Books',19721.00,15185.17,16,5),(162,'Sneakers - Fashion',21071.00,14749.70,104,2),(163,'T-Shirt - Fashion',14310.00,12592.80,182,2),(164,'Vacuum Cleaner - Home Appliances',48528.00,35425.44,75,3),(165,'Cricket Bat - Sports',27730.00,24125.10,122,4),(166,'Tyre Polish - Automotive',47414.00,37931.20,145,10),(167,'Car Cover - Automotive',34429.00,25821.75,138,10),(168,'T-Shirt - Fashion',6789.00,5974.32,142,2),(169,'Jacket - Fashion',6501.00,5850.90,63,2),(170,'Bed - Furniture',49994.00,36995.56,145,8),(171,'Comics - Books',27474.00,25276.08,89,5),(172,'Earrings - Jewelry',1450.00,1131.00,18,11),(173,'Vacuum Cleaner - Home Appliances',25261.00,19198.36,155,3),(174,'Sneakers - Fashion',38754.00,32165.82,22,2),(175,'Rice - Groceries',18067.00,12646.90,183,9),(176,'Building Blocks - Toys',37855.00,29148.35,58,7),(177,'Face Cream - Beauty',41012.00,36910.80,101,6),(178,'Amplifier - Music & Audio',45008.00,39156.96,68,15),(179,'Dog Food - Pet Supplies',27266.00,20722.16,135,14),(180,'Pasta - Groceries',29657.00,26098.16,10,9),(181,'Cap - Fashion',17224.00,14123.68,120,2),(182,'Protein Powder - Health',38107.00,29342.39,51,12),(183,'Chair - Furniture',25931.00,24375.14,72,8),(184,'Car Cover - Automotive',15808.00,12488.32,76,10),(185,'Chair - Furniture',37791.00,27587.43,161,8),(186,'Amplifier - Music & Audio',1640.00,1262.80,132,15),(187,'Cat Litter - Pet Supplies',2431.00,2285.14,41,14),(188,'Microwave - Home Appliances',32885.00,25650.30,70,3),(189,'Anklet - Jewelry',9896.00,7224.08,150,11),(190,'Sneakers - Fashion',44680.00,37978.00,42,2),(191,'Cat Litter - Pet Supplies',18643.00,13982.25,73,14),(192,'Perfume - Beauty',40486.00,29554.78,28,6),(193,'Seat Cushion - Automotive',8653.00,6143.63,166,10),(194,'Sports Shoes - Sports',12931.00,10732.73,44,4),(195,'Sneakers - Fashion',41836.00,36815.68,14,2),(196,'Lipstick - Beauty',1083.00,963.87,152,6),(197,'Microphone - Music & Audio',36396.00,34576.20,189,15),(198,'Smartphone - Electronics',49210.00,43304.80,92,1),(199,'Seat Cushion - Automotive',29803.00,23842.40,69,10),(200,'Jacket - Fashion',38318.00,35252.56,164,2),(201,'Pet Shampoo - Pet Supplies',34545.00,31781.40,117,14),(202,'Air Freshener - Automotive',3203.00,2274.13,71,10),(203,'Microwave - Home Appliances',42327.00,30475.44,190,3),(204,'Bed - Furniture',10007.00,7705.39,194,8),(205,'Headphones - Electronics',26449.00,20630.22,159,1),(206,'Remote Car - Toys',34782.00,31999.44,130,7),(207,'Table - Furniture',48271.00,37651.38,141,8),(208,'Notebook - Stationery',2332.00,2122.12,137,13),(209,'Chair - Furniture',47799.00,34415.28,110,8),(210,'Pasta - Groceries',12922.00,10596.04,190,9),(211,'Table - Furniture',1541.00,1386.90,135,8),(212,'Notebook - Stationery',49491.00,44046.99,189,13),(213,'Air Freshener - Automotive',911.00,728.80,168,10),(214,'Amplifier - Music & Audio',48500.00,37345.00,77,15),(215,'Sugar - Groceries',35264.00,27858.56,34,9),(216,'Smartphone - Electronics',27726.00,24121.62,76,1),(217,'Perfume - Beauty',41659.00,31660.84,101,6),(218,'Face Cream - Beauty',29092.00,26182.80,182,6),(219,'Protein Powder - Health',43001.00,36980.86,44,12),(220,'Cooking Oil - Groceries',27000.00,24300.00,123,9),(221,'Amplifier - Music & Audio',46571.00,37722.51,75,15),(222,'Laptop - Electronics',48032.00,42268.16,76,1),(223,'Air Freshener - Automotive',27393.00,23284.05,126,10),(224,'Sofa - Furniture',24660.00,22440.60,119,8),(225,'Notebook - Stationery',37386.00,27291.78,61,13),(226,'Football - Sports',17910.00,13969.80,51,4),(227,'Science Fiction - Books',13523.00,10547.94,80,5),(228,'Bluetooth Speaker - Music & Audio',35867.00,30486.95,85,15),(229,'Jeans - Fashion',5970.00,4537.20,58,2),(230,'Novel - Books',17080.00,14176.40,152,5),(231,'Protein Powder - Health',42999.00,37839.12,145,12),(232,'Laptop - Electronics',4533.00,3762.39,71,1),(233,'Pasta - Groceries',30803.00,28030.73,12,9),(234,'Rice - Groceries',17222.00,14810.92,187,9),(235,'Football - Sports',23361.00,19623.24,167,4),(236,'Spices - Groceries',24925.00,20937.00,88,9),(237,'Spices - Groceries',28801.00,24768.86,116,9),(238,'Microphone - Music & Audio',10426.00,7402.46,179,15),(239,'Chair - Furniture',10767.00,7967.58,33,8),(240,'Pencil - Stationery',1101.00,957.87,183,13),(241,'Headphones - Electronics',36488.00,26271.36,127,1),(242,'Guitar - Music & Audio',7688.00,5381.60,33,15),(243,'Comics - Books',48437.00,38265.23,135,5),(244,'Smartphone - Electronics',46514.00,42327.74,108,1),(245,'Tennis Racket - Sports',17189.00,12547.97,158,4),(246,'Biography - Books',23559.00,19553.97,33,5),(247,'Lipstick - Beauty',46205.00,42046.55,90,6),(248,'Yoga Mat - Sports',46641.00,41044.08,124,4),(249,'Novel - Books',47036.00,44213.84,83,5),(250,'Jeans - Fashion',36288.00,28667.52,112,2),(251,'Biography - Books',9754.00,9168.76,90,5),(252,'Protein Powder - Health',1930.00,1621.20,113,12),(253,'Pencil - Stationery',48034.00,37946.86,92,13),(254,'T-Shirt - Fashion',9996.00,7497.00,81,2),(255,'Comics - Books',39931.00,33941.35,157,5),(256,'Sports Shoes - Sports',28057.00,24970.73,181,4),(257,'Pen - Stationery',16464.00,13335.84,38,13),(258,'Table - Furniture',3845.00,3037.55,67,8),(259,'Remote Car - Toys',35582.00,27042.32,32,7),(260,'Perfume - Beauty',45222.00,39795.36,147,6),(261,'Jeans - Fashion',18076.00,17172.20,198,2),(262,'Yoga Mat - Sports',45047.00,34686.19,109,4),(263,'Novel - Books',25571.00,23013.90,157,5),(264,'Tyre Polish - Automotive',31232.00,26547.20,19,10),(265,'Yoga Mat - Sports',23569.00,18383.82,146,4),(266,'First Aid Kit - Health',3699.00,2700.27,171,12),(267,'Comics - Books',27782.00,24170.34,136,5),(268,'Puzzle - Toys',7726.00,5717.24,93,7),(269,'First Aid Kit - Health',6887.00,5647.34,162,12),(270,'Notebook - Stationery',4937.00,3752.12,119,13),(271,'Remote Car - Toys',16756.00,11896.76,68,7),(272,'Seat Cushion - Automotive',26072.00,23986.24,70,10),(273,'BP Monitor - Health',36020.00,31337.40,193,12),(274,'BP Monitor - Health',14210.00,10231.20,43,12),(275,'Headset - Music & Audio',24556.00,20381.48,135,15),(276,'Ring - Jewelry',11342.00,9640.70,152,11),(277,'Headset - Music & Audio',10851.00,10308.45,70,15),(278,'Sneakers - Fashion',31864.00,24216.64,133,2),(279,'Earrings - Jewelry',2286.00,1805.94,129,11),(280,'Thermometer - Health',25465.00,22409.20,39,12),(281,'BP Monitor - Health',13560.00,11797.20,148,12),(282,'Building Blocks - Toys',6414.00,5323.62,108,7),(283,'Laptop - Electronics',12847.00,10663.01,59,1),(284,'Sugar - Groceries',42483.00,38234.70,51,9),(285,'Jeans - Fashion',36542.00,29233.60,33,2),(286,'Protein Powder - Health',31056.00,23292.00,163,12),(287,'Pencil - Stationery',29795.00,27411.40,182,13),(288,'Leash - Pet Supplies',41663.00,32080.51,64,14),(289,'Air Conditioner - Home Appliances',5481.00,4932.90,64,3),(290,'Cap - Fashion',29208.00,25995.12,139,2),(291,'Smartphone - Electronics',12852.00,10153.08,70,1),(292,'Comics - Books',6510.00,5468.40,177,5),(293,'Marker - Stationery',24121.00,17608.33,91,13),(294,'Tennis Racket - Sports',13301.00,10640.80,140,4),(295,'Pet Toy - Pet Supplies',23697.00,21090.33,181,14),(296,'Air Freshener - Automotive',29552.00,21572.96,166,10),(297,'Cricket Bat - Sports',4513.00,3700.66,115,4),(298,'Tablet - Electronics',4572.00,3429.00,166,1),(299,'Spices - Groceries',1453.00,1380.35,106,9),(300,'Ring - Jewelry',16429.00,14950.39,30,11);
/*!40000 ALTER TABLE `product` ENABLE KEYS */;
UNLOCK TABLES;

--
-- Table structure for table `products`
--

DROP TABLE IF EXISTS `products`;
/*!40101 SET @saved_cs_client     = @@character_set_client */;
/*!50503 SET character_set_client = utf8mb4 */;
CREATE TABLE `products` (
  `id` bigint NOT NULL AUTO_INCREMENT,
  `name` varchar(255) NOT NULL,
  `mrp` decimal(38,2) DEFAULT NULL,
  `discounted_price` decimal(38,2) DEFAULT NULL,
  `qty` int DEFAULT NULL,
  `cat_id` bigint DEFAULT NULL,
  PRIMARY KEY (`id`),
  KEY `FKst3irn0akhwfaujxx7my2dw7j` (`cat_id`),
  CONSTRAINT `FKst3irn0akhwfaujxx7my2dw7j` FOREIGN KEY (`cat_id`) REFERENCES `categories` (`cat_id`)
) ENGINE=InnoDB AUTO_INCREMENT=301 DEFAULT CHARSET=utf8mb4 COLLATE=utf8mb4_0900_ai_ci;
/*!40101 SET character_set_client = @saved_cs_client */;

--
-- Dumping data for table `products`
--

LOCK TABLES `products` WRITE;
/*!40000 ALTER TABLE `products` DISABLE KEYS */;
INSERT INTO `products` VALUES (1,'Samsung Galaxy S24',11856.00,10127.07,62,1),(2,'Apple iPhone 15',37149.00,32807.83,62,1),(3,'LG Smart TV',13783.00,12631.20,68,1),(4,'Sony Headphones',1569.00,1442.03,99,1),(5,'Dell Inspiron Laptop',31370.00,27947.77,100,1),(6,'Canon DSLR Camera',37420.00,33713.49,94,1),(7,'Lenovo Tablet',25897.00,24418.90,14,1),(8,'Apple MacBook Air',34900.00,30592.65,62,1),(9,'Bose Bluetooth Speaker',24654.00,21456.84,68,1),(10,'OnePlus Nord Phone',18216.00,16660.98,21,1),(11,'Realme Smartwatch',46912.00,42667.83,23,1),(12,'Oppo Reno 12',36386.00,31253.69,52,1),(13,'Xiaomi Power Bank',13909.00,12596.56,77,1),(14,'Asus Gaming Laptop',15390.00,13474.70,92,1),(15,'HP Envy Laptop',43610.00,41232.71,90,1),(16,'Google Pixel 8',28881.00,26425.88,67,1),(17,'Nikon Mirrorless Camera',16410.00,14805.22,85,1),(18,'Sony PlayStation 5',39638.00,36688.68,60,1),(19,'JBL Soundbar',23463.00,20929.43,37,1),(20,'Acer Monitor',28065.00,25976.15,88,1),(21,'Men\'s Cotton Shirt',16618.00,14951.63,67,2),(22,'Women\'s Denim Jacket',17003.00,15387.65,64,2),(23,'Adidas T-Shirt',13064.00,11482.21,57,2),(24,'Puma Hoodie',20511.00,18632.52,72,2),(25,'Levi\'s Jeans',24561.00,22241.59,24,2),(26,'Zara Dress',8892.00,7952.22,73,2),(27,'H&M Sweatshirt',26560.00,23156.73,51,2),(28,'Nike Shorts',24424.00,22296.99,30,2),(29,'Allen Solly Formal Shirt',7615.00,6485.48,62,2),(30,'Louis Philippe Trousers',2904.00,2757.45,17,2),(31,'Bata Leather Belt',46391.00,40063.88,81,2),(32,'Raymond Blazer',47156.00,40363.50,84,2),(33,'Van Heusen Tie',11150.00,9544.86,16,2),(34,'Max Casual Shirt',35698.00,32144.90,12,2),(35,'Park Avenue Suit',8939.00,7833.35,87,2),(36,'Reebok Track Pants',4618.00,4360.98,15,2),(37,'U.S. Polo T-Shirt',15991.00,13616.04,22,2),(38,'Only Women\'s Top',17887.00,16633.80,56,2),(39,'Wrangler Jeans',15531.00,13916.58,62,2),(40,'Jack & Jones Jacket',10618.00,9308.94,92,2),(41,'Philips Air Fryer',36695.00,33233.61,17,3),(42,'Bosch Washing Machine',8345.00,7098.22,69,3),(43,'Prestige Cooker',29811.00,25348.91,35,3),(44,'IFB Microwave Oven',48730.00,42620.70,78,3),(45,'Whirlpool Refrigerator',42825.00,38663.27,32,3),(46,'LG Air Conditioner',44019.00,37525.54,54,3),(47,'Havells Ceiling Fan',10367.00,9686.23,38,3),(48,'Kent Water Purifier',30976.00,28448.11,46,3),(49,'Bajaj Mixer Grinder',5775.00,5049.76,55,3),(50,'Morphy Richards Toaster',16365.00,15443.86,67,3),(51,'Samsung Vacuum Cleaner',4000.00,3759.64,53,3),(52,'Usha Iron Box',31454.00,28398.39,60,3),(53,'Crompton Exhaust Fan',33706.00,30127.10,15,3),(54,'Panasonic Rice Cooker',31786.00,28124.35,10,3),(55,'Blue Star Water Cooler',20423.00,17370.76,80,3),(56,'Voltas AC',45272.00,39373.84,19,3),(57,'Godrej Refrigerator',34391.00,31528.68,62,3),(58,'Preethi Mixer Grinder',40264.00,37376.77,70,3),(59,'Haier Washing Machine',4128.00,3595.66,49,3),(60,'Inalsa Blender',27130.00,23141.00,73,3),(61,'Lakme Face Cream',28927.00,26943.44,88,4),(62,'L\'Oreal Shampoo',39689.00,36890.63,53,4),(63,'Dove Body Lotion',11587.00,10814.54,23,4),(64,'Nivea Face Wash',37465.00,35419.19,72,4),(65,'Maybelline Mascara',11497.00,10644.15,29,4),(66,'Garnier Hair Color',30734.00,27039.79,60,4),(67,'Pond\'s Moisturizer',33257.00,29629.52,58,4),(68,'Tresemme Conditioner',43025.00,39819.09,91,4),(69,'Colgate Toothpaste',9950.00,8964.92,46,4),(70,'Oral-B Toothbrush',24867.00,21434.37,98,4),(71,'Gillette Razor',47428.00,44986.61,73,4),(72,'Vaseline Lip Balm',43406.00,39254.75,73,4),(73,'Himalaya Face Pack',11717.00,10329.45,97,4),(74,'Biotique Hair Oil',3370.00,2940.38,61,4),(75,'Mamaearth Serum',32215.00,30234.78,64,4),(76,'Plum Sunscreen',8420.00,7211.06,57,4),(77,'WOW Shampoo',21302.00,20094.09,92,4),(78,'Olay Night Cream',13328.00,12568.51,18,4),(79,'Neutrogena Face Wash',19214.00,17071.06,82,4),(80,'Lotus Herbal Toner',7640.00,6588.32,50,4),(81,'Adidas Running Shoes',6070.00,5363.12,57,5),(82,'Nike Football',19971.00,17438.15,65,5),(83,'Puma Sports Shorts',41010.00,35214.40,41,5),(84,'Yonex Badminton Racket',32069.00,29818.96,96,5),(85,'SG Cricket Bat',38790.00,33635.73,11,5),(86,'Nivia Basketball',4109.00,3776.12,64,5),(87,'Reebok Sports Cap',49795.00,42529.22,85,5),(88,'Cosco Volleyball',34741.00,32135.56,24,5),(89,'Speedo Swim Goggles',36789.00,33912.31,75,5),(90,'Head Tennis Racquet',4925.00,4672.42,57,5),(91,'Decathlon Yoga Mat',9701.00,8379.98,24,5),(92,'Nike Gym Bag',14650.00,13343.99,10,5),(93,'Adidas Tracksuit',8897.00,8163.12,35,5),(94,'Puma Socks',26762.00,23835.24,81,5),(95,'SS Cricket Gloves',32656.00,30795.97,14,5),(96,'Wilson Tennis Balls',24678.00,21705.09,29,5),(97,'Babolat Tennis Racquet',45707.00,40264.97,33,5),(98,'Nivia Skipping Rope',15572.00,14277.93,86,5),(99,'Spalding Basketball',38788.00,36766.06,43,5),(100,'GM Cricket Kit',5364.00,4873.39,16,5),(101,'Books Product 1',36927.00,31672.64,49,6),(102,'Books Product 2',3251.00,3061.85,96,6),(103,'Books Product 3',9453.00,8300.52,77,6),(104,'Books Product 4',29308.00,25979.58,52,6),(105,'Books Product 5',49745.00,42866.14,85,6),(106,'Books Product 6',24259.00,21179.40,91,6),(107,'Books Product 7',35457.00,32590.62,54,6),(108,'Books Product 8',5924.00,5061.81,84,6),(109,'Books Product 9',21935.00,20799.71,51,6),(110,'Books Product 10',40560.00,35125.36,82,6),(111,'Books Product 11',34487.00,30187.28,40,6),(112,'Books Product 12',32116.00,28952.83,19,6),(113,'Books Product 13',4906.00,4428.16,81,6),(114,'Books Product 14',41262.00,35398.51,67,6),(115,'Books Product 15',32181.00,28574.08,87,6),(116,'Books Product 16',30671.00,28478.63,94,6),(117,'Books Product 17',1169.00,1027.33,28,6),(118,'Books Product 18',47346.00,40472.58,68,6),(119,'Books Product 19',11861.00,11020.57,12,6),(120,'Books Product 20',29490.00,27713.10,50,6),(121,'Toys Product 1',11973.00,10874.91,20,7),(122,'Toys Product 2',12203.00,11000.43,42,7),(123,'Toys Product 3',36524.00,32747.47,60,7),(124,'Toys Product 4',1097.00,1018.21,67,7),(125,'Toys Product 5',35554.00,32059.45,24,7),(126,'Toys Product 6',10566.00,9744.66,54,7),(127,'Toys Product 7',33912.00,31447.87,59,7),(128,'Toys Product 8',23860.00,20372.50,73,7),(129,'Toys Product 9',26155.00,23764.84,57,7),(130,'Toys Product 10',45137.00,38872.90,53,7),(131,'Toys Product 11',2957.00,2613.39,94,7),(132,'Toys Product 12',45126.00,41061.08,12,7),(133,'Toys Product 13',49292.00,42998.88,72,7),(134,'Toys Product 14',7384.00,6541.52,60,7),(135,'Toys Product 15',34443.00,29930.07,14,7),(136,'Toys Product 16',38703.00,34428.94,29,7),(137,'Toys Product 17',18988.00,17365.34,99,7),(138,'Toys Product 18',42628.00,40160.20,48,7),(139,'Toys Product 19',29781.00,27367.54,32,7),(140,'Toys Product 20',29174.00,27043.46,29,7),(141,'Furniture Product 1',38524.00,36363.91,86,8),(142,'Furniture Product 2',21171.00,18143.52,29,8),(143,'Furniture Product 3',17371.00,15919.95,39,8),(144,'Furniture Product 4',12253.00,10854.63,57,8),(145,'Furniture Product 5',36908.00,34416.47,62,8),(146,'Furniture Product 6',6376.00,5550.57,77,8),(147,'Furniture Product 7',27609.00,25690.95,96,8),(148,'Furniture Product 8',42777.00,40284.72,92,8),(149,'Furniture Product 9',4949.00,4677.74,74,8),(150,'Furniture Product 10',22649.00,19946.68,35,8),(151,'Furniture Product 11',39286.00,36467.54,39,8),(152,'Furniture Product 12',16746.00,15217.94,39,8),(153,'Furniture Product 13',9380.00,8380.59,95,8),(154,'Furniture Product 14',32891.00,28966.10,94,8),(155,'Furniture Product 15',7113.00,6105.76,67,8),(156,'Furniture Product 16',10782.00,9874.78,90,8),(157,'Furniture Product 17',34182.00,31846.38,83,8),(158,'Furniture Product 18',40953.00,35676.51,89,8),(159,'Furniture Product 19',32421.00,28696.23,45,8),(160,'Furniture Product 20',18868.00,16865.47,70,8),(161,'Groceries Product 1',30225.00,28219.40,48,9),(162,'Groceries Product 2',47543.00,43658.21,100,9),(163,'Groceries Product 3',1850.00,1711.32,13,9),(164,'Groceries Product 4',5718.00,5004.08,25,9),(165,'Groceries Product 5',27199.00,24621.99,98,9),(166,'Groceries Product 6',20884.00,18179.61,27,9),(167,'Groceries Product 7',34403.00,32342.92,50,9),(168,'Groceries Product 8',2340.00,2119.59,18,9),(169,'Groceries Product 9',27482.00,24953.60,94,9),(170,'Groceries Product 10',3464.00,3204.47,95,9),(171,'Groceries Product 11',20752.00,19205.69,92,9),(172,'Groceries Product 12',3383.00,3013.06,43,9),(173,'Groceries Product 13',15787.00,13698.57,75,9),(174,'Groceries Product 14',25665.00,22879.16,17,9),(175,'Groceries Product 15',43497.00,39137.46,53,9),(176,'Groceries Product 16',41763.00,37741.38,35,9),(177,'Groceries Product 17',5412.00,4890.27,55,9),(178,'Groceries Product 18',15944.00,13752.92,14,9),(179,'Groceries Product 19',31814.00,27777.71,55,9),(180,'Groceries Product 20',11419.00,10223.67,41,9),(181,'Automotive Product 1',47142.00,44430.04,65,10),(182,'Automotive Product 2',12330.00,11501.24,21,10),(183,'Automotive Product 3',45355.00,40920.17,98,10),(184,'Automotive Product 4',38625.00,33800.02,71,10),(185,'Automotive Product 5',8462.00,7434.34,39,10),(186,'Automotive Product 6',47105.00,44082.08,22,10),(187,'Automotive Product 7',36680.00,33178.18,42,10),(188,'Automotive Product 8',9822.00,9294.63,18,10),(189,'Automotive Product 9',17638.00,15276.31,68,10),(190,'Automotive Product 10',4440.00,3975.90,45,10),(191,'Automotive Product 11',19676.00,17098.44,83,10),(192,'Automotive Product 12',2666.00,2400.79,44,10),(193,'Automotive Product 13',22167.00,20698.80,69,10),(194,'Automotive Product 14',14625.00,13747.43,79,10),(195,'Automotive Product 15',49825.00,42607.10,59,10),(196,'Automotive Product 16',44666.00,41696.11,33,10),(197,'Automotive Product 17',3750.00,3216.71,63,10),(198,'Automotive Product 18',48510.00,41625.97,64,10),(199,'Automotive Product 19',16256.00,14228.49,52,10),(200,'Automotive Product 20',11068.00,10501.82,85,10),(201,'Health Product 1',32867.00,30936.16,24,11),(202,'Health Product 2',46906.00,44558.70,68,11),(203,'Health Product 3',13580.00,12514.35,23,11),(204,'Health Product 4',30010.00,27599.47,24,11),(205,'Health Product 5',3537.00,3177.13,44,11),(206,'Health Product 6',21218.00,19273.67,71,11),(207,'Health Product 7',26918.00,25347.84,26,11),(208,'Health Product 8',27852.00,24225.08,95,11),(209,'Health Product 9',28095.00,24192.13,57,11),(210,'Health Product 10',17107.00,16078.81,80,11),(211,'Health Product 11',38810.00,36700.03,13,11),(212,'Health Product 12',9217.00,7908.94,91,11),(213,'Health Product 13',23390.00,20363.55,63,11),(214,'Health Product 14',2632.00,2347.89,99,11),(215,'Health Product 15',40178.00,38056.29,95,11),(216,'Health Product 16',14463.00,13700.39,59,11),(217,'Health Product 17',8745.00,7943.75,93,11),(218,'Health Product 18',1566.00,1453.59,43,11),(219,'Health Product 19',25862.00,23784.26,79,11),(220,'Health Product 20',15797.00,14734.18,71,11),(221,'Jewellery Product 1',16234.00,14397.81,33,12),(222,'Jewellery Product 2',23865.00,21560.33,36,12),(223,'Jewellery Product 3',33674.00,30491.94,75,12),(224,'Jewellery Product 4',8944.00,7889.58,91,12),(225,'Jewellery Product 5',4347.00,3872.08,29,12),(226,'Jewellery Product 6',48117.00,44396.52,98,12),(227,'Jewellery Product 7',17738.00,15929.96,56,12),(228,'Jewellery Product 8',43051.00,37820.64,75,12),(229,'Jewellery Product 9',27006.00,24601.65,82,12),(230,'Jewellery Product 10',9724.00,9187.11,64,12),(231,'Jewellery Product 11',29280.00,27025.15,88,12),(232,'Jewellery Product 12',19541.00,18181.48,69,12),(233,'Jewellery Product 13',38550.00,34902.79,30,12),(234,'Jewellery Product 14',21788.00,19570.35,87,12),(235,'Jewellery Product 15',31681.00,29254.09,10,12),(236,'Jewellery Product 16',46515.00,43486.39,62,12),(237,'Jewellery Product 17',46359.00,42525.43,79,12),(238,'Jewellery Product 18',19736.00,18547.03,26,12),(239,'Jewellery Product 19',3110.00,2709.81,56,12),(240,'Jewellery Product 20',25613.00,23131.79,81,12),(241,'Stationery Product 1',21832.00,18719.71,39,13),(242,'Stationery Product 2',20041.00,17677.83,86,13),(243,'Stationery Product 3',47763.00,43227.23,47,13),(244,'Stationery Product 4',47794.00,41101.67,50,13),(245,'Stationery Product 5',38184.00,32589.19,91,13),(246,'Stationery Product 6',14147.00,12464.86,17,13),(247,'Stationery Product 7',15974.00,13614.20,54,13),(248,'Stationery Product 8',15867.00,14597.81,63,13),(249,'Stationery Product 9',40977.00,37654.26,49,13),(250,'Stationery Product 10',40326.00,35788.59,22,13),(251,'Stationery Product 11',22390.00,21011.93,68,13),(252,'Stationery Product 12',1787.00,1630.31,68,13),(253,'Stationery Product 13',4425.00,3855.26,39,13),(254,'Stationery Product 14',5590.00,4934.58,21,13),(255,'Stationery Product 15',15998.00,15186.72,95,13),(256,'Stationery Product 16',36387.00,34541.79,25,13),(257,'Stationery Product 17',17111.00,16104.79,68,13),(258,'Stationery Product 18',11826.00,10501.31,99,13),(259,'Stationery Product 19',15877.00,14564.47,62,13),(260,'Stationery Product 20',13308.00,12547.67,33,13),(261,'Footwear Product 1',1670.00,1505.41,68,14),(262,'Footwear Product 2',47927.00,43898.86,70,14),(263,'Footwear Product 3',6426.00,5965.99,82,14),(264,'Footwear Product 4',7632.00,7003.42,24,14),(265,'Footwear Product 5',28768.00,26576.15,89,14),(266,'Footwear Product 6',3165.00,2997.14,64,14),(267,'Footwear Product 7',15328.00,13106.43,36,14),(268,'Footwear Product 8',48120.00,42527.20,48,14),(269,'Footwear Product 9',42668.00,37431.30,62,14),(270,'Footwear Product 10',17982.00,16312.97,67,14),(271,'Footwear Product 11',20235.00,17416.84,67,14),(272,'Footwear Product 12',43872.00,40489.20,29,14),(273,'Footwear Product 13',20492.00,18470.47,17,14),(274,'Footwear Product 14',31640.00,28287.14,94,14),(275,'Footwear Product 15',18441.00,17184.92,78,14),(276,'Footwear Product 16',36875.00,33047.35,35,14),(277,'Footwear Product 17',32940.00,30785.29,48,14),(278,'Footwear Product 18',29326.00,25650.30,21,14),(279,'Footwear Product 19',18550.00,17080.72,11,14),(280,'Footwear Product 20',21555.00,18855.94,99,14),(281,'Garden Product 1',15668.00,13850.82,37,15),(282,'Garden Product 2',35720.00,33227.06,37,15),(283,'Garden Product 3',46223.00,40308.58,91,15),(284,'Garden Product 4',14393.00,13189.04,85,15),(285,'Garden Product 5',3947.00,3738.03,65,15),(286,'Garden Product 6',14677.00,13695.81,83,15),(287,'Garden Product 7',45966.00,43167.38,79,15),(288,'Garden Product 8',28725.00,27092.46,57,15),(289,'Garden Product 9',28483.00,25627.02,52,15),(290,'Garden Product 10',28960.00,25678.42,69,15),(291,'Garden Product 11',13631.00,12634.61,97,15),(292,'Garden Product 12',1399.00,1328.09,90,15),(293,'Garden Product 13',3140.00,2939.90,58,15),(294,'Garden Product 14',29341.00,27274.25,33,15),(295,'Garden Product 15',28304.00,26446.88,55,15),(296,'Garden Product 16',46914.00,43124.57,17,15),(297,'Garden Product 17',44714.00,39316.48,99,15),(298,'Garden Product 18',16314.00,14782.31,94,15),(299,'Garden Product 19',2101.00,1875.36,69,15),(300,'Garden Product 20',11654.00,9934.03,86,15);
/*!40000 ALTER TABLE `products` ENABLE KEYS */;
UNLOCK TABLES;

--
-- Table structure for table `user`
--

DROP TABLE IF EXISTS `user`;
/*!40101 SET @saved_cs_client     = @@character_set_client */;
/*!50503 SET character_set_client = utf8mb4 */;
CREATE TABLE `user` (
  `id` bigint NOT NULL AUTO_INCREMENT,
  `email` varchar(255) DEFAULT NULL,
  `password` varchar(255) DEFAULT NULL,
  `username` varchar(255) DEFAULT NULL,
  `created_at` datetime(6) DEFAULT NULL,
  `first_name` varchar(255) NOT NULL,
  `last_name` varchar(255) NOT NULL,
  `salt` varchar(255) NOT NULL,
  PRIMARY KEY (`id`)
) ENGINE=InnoDB AUTO_INCREMENT=12 DEFAULT CHARSET=utf8mb4 COLLATE=utf8mb4_0900_ai_ci;
/*!40101 SET character_set_client = @saved_cs_client */;

--
-- Dumping data for table `user`
--

LOCK TABLES `user` WRITE;
/*!40000 ALTER TABLE `user` DISABLE KEYS */;
INSERT INTO `user` VALUES (1,'vignesh@example.com','$2a$10$AaqFXQVYTN3VLUMnx4qRL.luBUFjkMoelEFqbA1SEQ2WOvKXUOhRS',NULL,'2025-10-29 16:50:03.836739','Vignesh','Waran','JSKZJBVgQFDZllIEJNxoFg=='),(2,'vignesh@gmail.com','$2a$10$Z4D/lko5pitts.NCWLouvuKq7DqwaIiG69D3rfOQ8KUi6HzJ0.rwW',NULL,'2025-10-29 17:00:54.982861','Vignesh','R','GP7SnaZOikIX2ZJ/m4l7EA=='),(3,'vigneshwaranr@example.com','$2a$10$dOQ7y1azzYtZQP0xHVQ5/OAI4zSJ/z4r.47toHSota3WwfYpNkGQi',NULL,'2025-10-30 09:36:54.198240','Vigneshwaran','R','hui7G3XcgNx660tzWIQIsw=='),(4,'rsvigneshwaran05@gmail.com','$2a$10$qvree2AsETiTpPBW1a08g.Vrb1zwhONllp0RKrJ9Bq7cyN6IBM/ZO',NULL,'2025-10-30 11:35:45.158822','Vignesh','vicky','Iu0NpJSfVLIiYw8GryIYxA=='),(5,'isan.ram007@gmail.com','$2a$10$sC8L0GDS8B6DZ5VjHOKIdOqCRczomXZmlfE47s/aj/.CEDlO6sHXi',NULL,'2025-11-01 11:23:46.808964','Sanjay','Ramajayam','9ZGVggOBJlMiMK1SP9Q7BA=='),(6,'sundar@gmail.com','$2a$10$xS9sCPq73kzcx0iuKnVKKOW1SF.lS0T.aE02em1dwpPEC5.PxSOiS',NULL,'2025-11-01 11:29:49.678442','Sundar','B','q+C3fsej2QbR1X858B+3zA=='),(7,'usera@gmail.c','$2a$10$seTa2eTCWSc.TNCHjby.Zu8DfQSnKTCFAClKJ/QxNgbBnsPjYQpvO',NULL,'2025-11-01 11:32:37.169811','User','A','Owfq+4XDULlo6Ra1jPqIFw=='),(8,'john@example.com','$2a$10$oQ3/UwqcDIuVkof1QF0VDO8Ep2Wdc3ZKZPWn6Igjwcu8HowhUIC9q',NULL,'2025-11-01 12:37:04.980496','John','Doe','RZUDxBBJXMLAEhIKHnU4yg=='),(9,'vicky@gmail.com','$2a$10$xXhpzoRNNpvcx4S8fwkY.Of2WWd2908WcdPRf/OQ8YW0lqHI4qWQe',NULL,'2025-11-03 04:12:23.752556','Vigneshwaran','R','Alcx9dWPwZcFLe/qbavJZw=='),(10,'vicky@gmail','$2a$10$jLZytH/DdbWrMoB84fKtNemQu4cS3xVDt0b9crZOTuZQgh7KHJEE2',NULL,'2025-11-03 04:23:38.152934','Vicky','R','nFv/9/eeWO2OnQ+JWM7jsg=='),(11,'viki@gmail.com','$2a$10$HkbYdffFv8KIOiu8yaWvye7r5JBhAXZs9bUGnP54qHBEMOj/KkinK',NULL,'2025-11-03 04:28:44.888852','Vignesh','vicky','cLtnyKXvXYMl0ZxuddMxew==');
/*!40000 ALTER TABLE `user` ENABLE KEYS */;
UNLOCK TABLES;
/*!40103 SET TIME_ZONE=@OLD_TIME_ZONE */;

/*!40101 SET SQL_MODE=@OLD_SQL_MODE */;
/*!40014 SET FOREIGN_KEY_CHECKS=@OLD_FOREIGN_KEY_CHECKS */;
/*!40014 SET UNIQUE_CHECKS=@OLD_UNIQUE_CHECKS */;
/*!40101 SET CHARACTER_SET_CLIENT=@OLD_CHARACTER_SET_CLIENT */;
/*!40101 SET CHARACTER_SET_RESULTS=@OLD_CHARACTER_SET_RESULTS */;
/*!40101 SET COLLATION_CONNECTION=@OLD_COLLATION_CONNECTION */;
/*!40111 SET SQL_NOTES=@OLD_SQL_NOTES */;

-- Dump completed on 2025-11-09 15:31:19
